ENCOUNTER_ID,PATIENT_ID,PROVIDER_ID,ENCOUNTER_TYPE,ENCOUNTER_REASON,LOCATION,DEPARTMENT,ADMIT_DATETIME,DISCHARGE_DATETIME,ENCOUNTER_DATE,STATUS,CREATED_AT,UPDATED_AT
bag,07ab7640-b05d-409e-84ea-bbc32fb62086,watch,hand,example,talk,keep,2025-03-31 03:05:41.487586,2025-03-31 03:05:41.487588,1997-07-01,business,2025-03-31 03:05:41.487612,2025-03-31 03:05:41.487612
deep,5f4fe406-389f-49e2-b6d3-077c04f92f47,glass,grow,girl,debate,discover,2025-03-31 03:05:41.487654,2025-03-31 03:05:41.487655,1999-08-29,news,2025-03-31 03:05:41.487668,2025-03-31 03:05:41.487669
discover,603f11d3-ad2c-4d7d-a236-3e0f8548dbb7,minute,book,politics,both,market,2025-03-31 03:05:41.487709,2025-03-31 03:05:41.487709,1996-10-27,part,2025-03-31 03:05:41.487722,2025-03-31 03:05:41.487722
little,d7cabc71-65d4-41d0-95be-d30917f99e56,recent,leg,develop,small,hotel,2025-03-31 03:05:41.487768,2025-03-31 03:05:41.487769,1930-10-01,Republican,2025-03-31 03:05:41.487782,2025-03-31 03:05:41.487782
discover,be3be496-c3fb-4b45-9299-b0c243ffb434,line,kind,during,drive,along,2025-03-31 03:05:41.487821,2025-03-31 03:05:41.487821,1956-10-29,lawyer,2025-03-31 03:05:41.487833,2025-03-31 03:05:41.487834
animal,62216dff-48fb-4efa-9a77-47beac355298,play,side,teacher,type,success,2025-03-31 03:05:41.487872,2025-03-31 03:05:41.487873,2005-08-21,watch,2025-03-31 03:05:41.487884,2025-03-31 03:05:41.487885
hotel,4fb83f01-4681-4649-b8a3-ef8a2c302996,tend,executive,culture,help,or,2025-03-31 03:05:41.487923,2025-03-31 03:05:41.487924,1948-02-29,sign,2025-03-31 03:05:41.487935,2025-03-31 03:05:41.487936
kitchen,64463c8d-183e-481c-8718-86e15b3fe737,not,lead,none,wife,tough,2025-03-31 03:05:41.487973,2025-03-31 03:05:41.487974,1933-09-13,guy,2025-03-31 03:05:41.487986,2025-03-31 03:05:41.487986
unit,cf7fe7ed-0bb4-4f56-9ea7-ac07c5d65b1b,trial,surface,no,step,seem,2025-03-31 03:05:41.488024,2025-03-31 03:05:41.488025,1993-05-02,tax,2025-03-31 03:05:41.488036,2025-03-31 03:05:41.488037
employee,37b1aca7-d054-4f37-a77d-f11cf78cb5c6,local,produce,out,wall,step,2025-03-31 03:05:41.488075,2025-03-31 03:05:41.488075,2022-10-29,left,2025-03-31 03:05:41.488087,2025-03-31 03:05:41.488087
turn,dabb58e6-2500-4813-9385-2e4a66146502,class,end,language,sure,clear,2025-03-31 03:05:41.488125,2025-03-31 03:05:41.488126,1995-10-13,eight,2025-03-31 03:05:41.488137,2025-03-31 03:05:41.488138
evidence,5b96f272-016e-4f6b-87f8-6f08bfe7a627,hotel,family,walk,college,Mrs,2025-03-31 03:05:41.488176,2025-03-31 03:05:41.488177,2003-01-17,behavior,2025-03-31 03:05:41.488189,2025-03-31 03:05:41.488189
pressure,9f0b2c08-852f-4077-b80e-dc8593f9f219,talk,wish,book,nor,ball,2025-03-31 03:05:41.488227,2025-03-31 03:05:41.488227,1993-02-16,still,2025-03-31 03:05:41.488239,2025-03-31 03:05:41.488239
claim,feb12fb3-4e57-441c-b800-3f398ed9c751,three,federal,rock,Mrs,clear,2025-03-31 03:05:41.488277,2025-03-31 03:05:41.488277,1974-03-13,special,2025-03-31 03:05:41.488289,2025-03-31 03:05:41.488289
music,6fa7091b-cbdc-4c11-84e7-c962689dc930,minute,chair,probably,stop,success,2025-03-31 03:05:41.488328,2025-03-31 03:05:41.488328,1983-10-01,shoulder,2025-03-31 03:05:41.488340,2025-03-31 03:05:41.488340
product,facea65f-013d-4b37-9d7c-701967b8fa62,out,positive,side,expect,store,2025-03-31 03:05:41.488379,2025-03-31 03:05:41.488379,1980-01-29,give,2025-03-31 03:05:41.488391,2025-03-31 03:05:41.488391
serve,0e26796d-a00a-4a27-8535-18ebfb883677,blood,call,free,may,public,2025-03-31 03:05:41.488429,2025-03-31 03:05:41.488430,1929-01-30,reach,2025-03-31 03:05:41.488441,2025-03-31 03:05:41.488441
beat,d258f605-e4c3-4b66-81ca-269baded7f63,product,past,particular,instead,cover,2025-03-31 03:05:41.488480,2025-03-31 03:05:41.488480,1958-02-24,spring,2025-03-31 03:05:41.488492,2025-03-31 03:05:41.488492
as,69bccce4-3700-4aed-90c1-9ebdff0bda68,find,expert,down,ago,middle,2025-03-31 03:05:41.488531,2025-03-31 03:05:41.488531,2020-08-01,program,2025-03-31 03:05:41.488543,2025-03-31 03:05:41.488543
father,b9d0c4c2-f0af-4b25-be55-137128ed923b,memory,apply,out,rich,little,2025-03-31 03:05:41.488582,2025-03-31 03:05:41.488582,1940-11-14,training,2025-03-31 03:05:41.488594,2025-03-31 03:05:41.488594
answer,92019af4-bc8e-47f4-86a8-5b1279ee1439,study,his,indeed,hard,sit,2025-03-31 03:05:41.488634,2025-03-31 03:05:41.488634,2003-10-24,husband,2025-03-31 03:05:41.488646,2025-03-31 03:05:41.488647
face,b533106d-1ec6-4932-ac49-eda0ecc7429c,table,into,start,entire,often,2025-03-31 03:05:41.488685,2025-03-31 03:05:41.488686,1935-03-05,maybe,2025-03-31 03:05:41.488697,2025-03-31 03:05:41.488698
seat,b9a38012-22e7-4bd0-bebf-c0ff62fee682,old,throw,throw,under,me,2025-03-31 03:05:41.488736,2025-03-31 03:05:41.488736,1985-10-14,at,2025-03-31 03:05:41.488748,2025-03-31 03:05:41.488748
instead,9d05a96b-8b4c-4e6e-bc9a-ee0a1207513b,work,table,fact,station,probably,2025-03-31 03:05:41.488791,2025-03-31 03:05:41.488791,1977-09-19,study,2025-03-31 03:05:41.488803,2025-03-31 03:05:41.488804
boy,c9dbbe5e-fa69-4b7e-9181-f1cd715d79e0,ten,trade,environment,soldier,life,2025-03-31 03:05:41.488841,2025-03-31 03:05:41.488842,1951-04-14,important,2025-03-31 03:05:41.488853,2025-03-31 03:05:41.488854
fast,ae52f35e-8e86-4fe6-88f3-8afcbb7f76b5,smile,drop,today,effort,machine,2025-03-31 03:05:41.488892,2025-03-31 03:05:41.488893,1935-08-26,concern,2025-03-31 03:05:41.488904,2025-03-31 03:05:41.488905
animal,a0db25a0-0388-4919-b6c4-3fa0bb227a03,talk,marriage,treat,lot,side,2025-03-31 03:05:41.488943,2025-03-31 03:05:41.488943,1990-02-02,ten,2025-03-31 03:05:41.488955,2025-03-31 03:05:41.488955
teach,5715e449-2d21-447d-aa0c-8d9b15a92e71,keep,feeling,everything,bit,behind,2025-03-31 03:05:41.488993,2025-03-31 03:05:41.488994,1994-04-14,case,2025-03-31 03:05:41.489006,2025-03-31 03:05:41.489006
item,c6b0fe9a-3d61-4e43-9647-37e794331111,property,finish,production,require,imagine,2025-03-31 03:05:41.489044,2025-03-31 03:05:41.489044,2024-12-10,answer,2025-03-31 03:05:41.489058,2025-03-31 03:05:41.489058
market,1726cea3-ac9e-4456-b573-7dccd2d905e7,surface,just,identify,young,join,2025-03-31 03:05:41.489097,2025-03-31 03:05:41.489097,2004-06-04,carry,2025-03-31 03:05:41.489109,2025-03-31 03:05:41.489109
expert,d47078c2-728a-4370-abc9-e431009b2c5e,performance,possible,because,individual,me,2025-03-31 03:05:41.489147,2025-03-31 03:05:41.489147,1957-12-25,paper,2025-03-31 03:05:41.489159,2025-03-31 03:05:41.489159
agreement,fdaca7c1-b1e9-4ae0-9338-3d8eba048144,clear,receive,newspaper,tonight,mission,2025-03-31 03:05:41.489198,2025-03-31 03:05:41.489198,1975-06-30,occur,2025-03-31 03:05:41.489210,2025-03-31 03:05:41.489210
then,8473d66f-5a60-4ea7-893f-eeae407601ad,fly,send,but,resource,listen,2025-03-31 03:05:41.489248,2025-03-31 03:05:41.489248,1991-05-14,back,2025-03-31 03:05:41.489260,2025-03-31 03:05:41.489260
low,355f8fcf-25fa-44a4-95b4-dbd46ca11e3e,social,year,since,hand,writer,2025-03-31 03:05:41.489299,2025-03-31 03:05:41.489299,1997-11-21,political,2025-03-31 03:05:41.489311,2025-03-31 03:05:41.489311
security,43201b53-3826-4846-9e8a-c15b313a64a1,window,book,store,against,religious,2025-03-31 03:05:41.489350,2025-03-31 03:05:41.489350,2008-05-18,star,2025-03-31 03:05:41.489362,2025-03-31 03:05:41.489362
pattern,a7e61f49-236b-4af8-9b32-540a3307bcb7,us,grow,identify,ok,their,2025-03-31 03:05:41.489401,2025-03-31 03:05:41.489401,1932-09-01,up,2025-03-31 03:05:41.489413,2025-03-31 03:05:41.489413
after,4d8e5085-2c02-46db-a472-ac5b27366c8b,drive,bag,player,oil,mother,2025-03-31 03:05:41.489451,2025-03-31 03:05:41.489451,2010-09-07,tough,2025-03-31 03:05:41.489463,2025-03-31 03:05:41.489463
no,1e34f27b-6c75-4181-8df7-78b6f7d0c206,newspaper,attack,friend,forget,middle,2025-03-31 03:05:41.489503,2025-03-31 03:05:41.489504,1985-01-24,baby,2025-03-31 03:05:41.489515,2025-03-31 03:05:41.489516
certainly,dfab8929-cc95-4f5e-b3aa-a301c3d11be7,break,word,deep,impact,war,2025-03-31 03:05:41.489554,2025-03-31 03:05:41.489555,1943-07-18,building,2025-03-31 03:05:41.489566,2025-03-31 03:05:41.489567
smile,04c1d9c6-5f0c-46c2-863a-34fc31a25ded,alone,threat,job,drug,guy,2025-03-31 03:05:41.489604,2025-03-31 03:05:41.489605,2010-06-27,play,2025-03-31 03:05:41.489616,2025-03-31 03:05:41.489617
no,df0e8483-c24d-42e0-9926-30f4fa59a43f,soldier,camera,push,apply,high,2025-03-31 03:05:41.489655,2025-03-31 03:05:41.489655,1970-01-08,PM,2025-03-31 03:05:41.489667,2025-03-31 03:05:41.489667
finish,a7991e87-7d98-48bb-9a3d-b2a90c037d13,which,might,next,or,she,2025-03-31 03:05:41.489705,2025-03-31 03:05:41.489706,1937-11-15,player,2025-03-31 03:05:41.489717,2025-03-31 03:05:41.489717
later,4e0f8af5-d489-4a62-8057-91fc2e3868a3,wind,stage,time,break,physical,2025-03-31 03:05:41.489756,2025-03-31 03:05:41.489756,1986-07-14,concern,2025-03-31 03:05:41.489773,2025-03-31 03:05:41.489773
court,da471c0a-9e92-4d17-977d-3b755b7f25fe,lot,hard,issue,through,record,2025-03-31 03:05:41.489812,2025-03-31 03:05:41.489812,1940-03-13,stock,2025-03-31 03:05:41.489824,2025-03-31 03:05:41.489824
executive,68d7dc00-647a-4eaf-970f-e3b9907b6623,husband,step,service,free,traditional,2025-03-31 03:05:41.489862,2025-03-31 03:05:41.489863,1949-04-03,young,2025-03-31 03:05:41.489874,2025-03-31 03:05:41.489874
baby,7f5bf874-bc03-42ee-93ae-b2e2189ed4ff,writer,since,single,feel,fly,2025-03-31 03:05:41.489912,2025-03-31 03:05:41.489912,1998-10-09,step,2025-03-31 03:05:41.489924,2025-03-31 03:05:41.489924
speak,c72a2265-a474-438c-8079-dcb80a3f6b38,keep,analysis,here,commercial,test,2025-03-31 03:05:41.489963,2025-03-31 03:05:41.489963,1951-09-14,loss,2025-03-31 03:05:41.489976,2025-03-31 03:05:41.489976
half,4009c88f-65fc-4e67-94e8-a3564327a64b,million,stop,half,hope,main,2025-03-31 03:05:41.490014,2025-03-31 03:05:41.490014,2008-10-18,certain,2025-03-31 03:05:41.490026,2025-03-31 03:05:41.490026
body,19cb1220-bc51-4982-b799-94a0a053be2b,camera,baby,position,whom,item,2025-03-31 03:05:41.490064,2025-03-31 03:05:41.490064,2003-09-22,yes,2025-03-31 03:05:41.490076,2025-03-31 03:05:41.490076
food,bcce0e9f-13d9-4a81-b9b9-3a158af465f7,however,prevent,seat,almost,senior,2025-03-31 03:05:41.490114,2025-03-31 03:05:41.490115,2016-10-14,return,2025-03-31 03:05:41.490126,2025-03-31 03:05:41.490127
audience,6036f844-8c0e-4e83-9c77-a536fcff2fc7,language,scientist,take,response,point,2025-03-31 03:05:41.490164,2025-03-31 03:05:41.490164,1972-08-21,development,2025-03-31 03:05:41.490176,2025-03-31 03:05:41.490176
down,83b28df6-0fe0-45de-bd94-14f866b4d201,nor,report,join,yes,raise,2025-03-31 03:05:41.490215,2025-03-31 03:05:41.490215,1985-07-25,inside,2025-03-31 03:05:41.490227,2025-03-31 03:05:41.490227
professional,f29cb9c7-2987-4d8f-802f-cf976f9cbd0e,drive,sea,building,very,manage,2025-03-31 03:05:41.490269,2025-03-31 03:05:41.490270,2021-11-20,practice,2025-03-31 03:05:41.490282,2025-03-31 03:05:41.490282
management,fc750cb3-1b9e-458e-9fbb-50a6a9a7b1fc,institution,maintain,lawyer,evening,street,2025-03-31 03:05:41.490323,2025-03-31 03:05:41.490323,1930-02-22,shoulder,2025-03-31 03:05:41.490340,2025-03-31 03:05:41.490340
care,cff227af-aa92-4a70-98a4-be47f3501840,whatever,the,community,financial,song,2025-03-31 03:05:41.490392,2025-03-31 03:05:41.490393,1954-10-03,yet,2025-03-31 03:05:41.490406,2025-03-31 03:05:41.490406
give,8ceefd6f-cd96-475c-88f1-946435c106bf,see,beautiful,game,meeting,understand,2025-03-31 03:05:41.490444,2025-03-31 03:05:41.490444,2001-05-11,create,2025-03-31 03:05:41.490456,2025-03-31 03:05:41.490456
physical,94e5b1f7-5d03-4053-b648-27230f3b5e10,serve,production,write,carry,staff,2025-03-31 03:05:41.490494,2025-03-31 03:05:41.490494,2001-10-29,as,2025-03-31 03:05:41.490505,2025-03-31 03:05:41.490506
difference,8bc2b01f-4cfa-4eb8-9930-0f375c529e3c,poor,challenge,everybody,girl,her,2025-03-31 03:05:41.490543,2025-03-31 03:05:41.490543,1977-01-21,simply,2025-03-31 03:05:41.490555,2025-03-31 03:05:41.490555
develop,630737a0-6275-4997-81ff-477af2ee75f1,million,region,resource,tax,plant,2025-03-31 03:05:41.490593,2025-03-31 03:05:41.490593,2021-10-10,style,2025-03-31 03:05:41.490605,2025-03-31 03:05:41.490605
behind,3dd1481d-2c47-4a2f-932b-9e500f31846f,experience,turn,thought,sound,leg,2025-03-31 03:05:41.490643,2025-03-31 03:05:41.490643,2019-10-27,common,2025-03-31 03:05:41.490655,2025-03-31 03:05:41.490655
service,88541658-4077-4064-a7f7-dc2068720f57,threat,note,at,raise,artist,2025-03-31 03:05:41.490692,2025-03-31 03:05:41.490693,2021-07-20,energy,2025-03-31 03:05:41.490704,2025-03-31 03:05:41.490704
organization,e63f2168-780c-4f75-9c38-7fec5e1fa0bf,stay,ball,feel,strategy,color,2025-03-31 03:05:41.490742,2025-03-31 03:05:41.490742,1965-06-21,answer,2025-03-31 03:05:41.490754,2025-03-31 03:05:41.490754
power,abf8ae17-168d-4e00-81ca-83abbedcf982,approach,push,trip,kind,which,2025-03-31 03:05:41.490801,2025-03-31 03:05:41.490801,1955-01-12,nothing,2025-03-31 03:05:41.490813,2025-03-31 03:05:41.490813
create,eb8673e4-0de3-4440-8d38-4bf222b8afcf,support,amount,life,law,father,2025-03-31 03:05:41.490851,2025-03-31 03:05:41.490851,1978-10-03,science,2025-03-31 03:05:41.490863,2025-03-31 03:05:41.490864
state,47a13741-26f4-4a95-a098-645051b759fb,husband,glass,investment,heavy,pretty,2025-03-31 03:05:41.490903,2025-03-31 03:05:41.490903,2006-12-17,easy,2025-03-31 03:05:41.490915,2025-03-31 03:05:41.490915
for,2259b5ec-6510-4eae-8404-226a23d4e288,rock,responsibility,approach,watch,still,2025-03-31 03:05:41.490953,2025-03-31 03:05:41.490953,1961-10-02,service,2025-03-31 03:05:41.490965,2025-03-31 03:05:41.490965
admit,a953f07b-2441-4349-aef7-c1830f42bec6,nothing,seem,condition,expect,indeed,2025-03-31 03:05:41.491003,2025-03-31 03:05:41.491003,1930-08-26,evidence,2025-03-31 03:05:41.491015,2025-03-31 03:05:41.491015
lawyer,30d8167e-f2b7-4b77-bf0c-46699f043e98,friend,short,phone,state,everybody,2025-03-31 03:05:41.491053,2025-03-31 03:05:41.491053,2020-08-08,national,2025-03-31 03:05:41.491065,2025-03-31 03:05:41.491065
production,a89d07be-f32c-4bb9-b242-389c1fea32ba,ahead,study,trouble,rather,yourself,2025-03-31 03:05:41.491103,2025-03-31 03:05:41.491103,1927-09-11,well,2025-03-31 03:05:41.491115,2025-03-31 03:05:41.491115
reach,c9ce36ca-b549-4eaa-ba96-e421856033ec,drug,I,news,evening,professional,2025-03-31 03:05:41.491154,2025-03-31 03:05:41.491154,1972-10-19,rather,2025-03-31 03:05:41.491166,2025-03-31 03:05:41.491166
out,20473f49-367c-4b19-ac5c-7b71b96e4e7d,specific,keep,someone,daughter,crime,2025-03-31 03:05:41.491205,2025-03-31 03:05:41.491205,1976-09-05,yeah,2025-03-31 03:05:41.491217,2025-03-31 03:05:41.491217
prepare,e4983e75-8e21-4636-b112-371160cdce35,determine,change,attorney,other,different,2025-03-31 03:05:41.491255,2025-03-31 03:05:41.491255,2018-04-01,act,2025-03-31 03:05:41.491267,2025-03-31 03:05:41.491267
there,c02542bf-f2bf-4ccf-8e05-1411b9cd0a2b,many,key,interest,adult,report,2025-03-31 03:05:41.491305,2025-03-31 03:05:41.491305,1974-07-27,image,2025-03-31 03:05:41.491316,2025-03-31 03:05:41.491316
behavior,e36108d0-ec12-4698-962c-98fd9a0ca3cc,story,economy,technology,pull,magazine,2025-03-31 03:05:41.491354,2025-03-31 03:05:41.491355,1940-12-07,front,2025-03-31 03:05:41.491366,2025-03-31 03:05:41.491367
many,7350d40b-e4f7-4f01-b51d-53cdbef1dfbf,significant,authority,college,fast,marriage,2025-03-31 03:05:41.491404,2025-03-31 03:05:41.491404,1959-06-02,chance,2025-03-31 03:05:41.491416,2025-03-31 03:05:41.491416
card,6d1c7c44-e751-498c-bfaa-83d1daf80f24,prepare,message,key,deal,size,2025-03-31 03:05:41.491454,2025-03-31 03:05:41.491454,1942-01-29,identify,2025-03-31 03:05:41.491466,2025-03-31 03:05:41.491467
total,5aa48eae-b838-41f8-bed4-98a76f2f0c3d,myself,production,begin,act,author,2025-03-31 03:05:41.491504,2025-03-31 03:05:41.491504,1958-12-20,common,2025-03-31 03:05:41.491516,2025-03-31 03:05:41.491516
window,d8c80ac1-ccce-40a9-81b4-1d6369d74965,other,young,far,skin,just,2025-03-31 03:05:41.491554,2025-03-31 03:05:41.491555,1945-04-06,pick,2025-03-31 03:05:41.491566,2025-03-31 03:05:41.491566
position,b254543c-7b3d-4891-ae6d-821f4b5c614d,letter,care,authority,democratic,expert,2025-03-31 03:05:41.491604,2025-03-31 03:05:41.491604,1967-06-04,member,2025-03-31 03:05:41.491617,2025-03-31 03:05:41.491617
many,a726b9fd-227d-43ac-9714-9d7659f3f269,key,move,local,can,economy,2025-03-31 03:05:41.491655,2025-03-31 03:05:41.491655,1992-05-14,until,2025-03-31 03:05:41.491667,2025-03-31 03:05:41.491667
probably,926a751f-04e0-4476-94ff-494354b477f6,others,shoulder,from,fast,because,2025-03-31 03:05:41.491705,2025-03-31 03:05:41.491705,2004-02-20,organization,2025-03-31 03:05:41.491717,2025-03-31 03:05:41.491717
public,c59b08ee-cd1d-4e92-8562-88a4ee60c3b6,point,view,nature,full,money,2025-03-31 03:05:41.491754,2025-03-31 03:05:41.491754,1947-01-22,treat,2025-03-31 03:05:41.491770,2025-03-31 03:05:41.491771
outside,84209613-2daa-462f-b48b-8c124a4d83cc,half,world,glass,through,better,2025-03-31 03:05:41.491809,2025-03-31 03:05:41.491809,1975-04-16,seven,2025-03-31 03:05:41.491821,2025-03-31 03:05:41.491821
similar,b9349ed4-f1eb-4b6e-b30b-7a21091b8648,strong,difference,occur,blue,safe,2025-03-31 03:05:41.491858,2025-03-31 03:05:41.491859,1937-11-14,person,2025-03-31 03:05:41.491870,2025-03-31 03:05:41.491870
plan,961fa10d-bba6-4630-a2dc-c6910dd78f3b,drug,day,candidate,central,card,2025-03-31 03:05:41.491908,2025-03-31 03:05:41.491908,2007-02-17,magazine,2025-03-31 03:05:41.491920,2025-03-31 03:05:41.491920
professional,62b2a505-cfc0-40e2-8fb6-418274a50ad0,various,evidence,matter,role,ten,2025-03-31 03:05:41.491958,2025-03-31 03:05:41.491958,1931-07-13,cut,2025-03-31 03:05:41.491969,2025-03-31 03:05:41.491970
exactly,2d9cf250-cb0a-48fb-b0bc-0723ee6d292b,act,group,road,responsibility,entire,2025-03-31 03:05:41.492007,2025-03-31 03:05:41.492007,2004-12-29,today,2025-03-31 03:05:41.492019,2025-03-31 03:05:41.492019
decide,db824bc9-ca1f-46f1-9fab-af68aac35cce,field,always,police,president,the,2025-03-31 03:05:41.492056,2025-03-31 03:05:41.492056,2015-03-04,continue,2025-03-31 03:05:41.492068,2025-03-31 03:05:41.492068
financial,cfa86c32-fb8a-4cfa-a7c5-c0109545b906,it,say,admit,partner,trade,2025-03-31 03:05:41.492107,2025-03-31 03:05:41.492108,1933-01-22,structure,2025-03-31 03:05:41.492119,2025-03-31 03:05:41.492119
word,658489a8-d414-424c-8052-e2d0d62d5779,certain,network,home,line,amount,2025-03-31 03:05:41.492158,2025-03-31 03:05:41.492158,1951-12-29,step,2025-03-31 03:05:41.492169,2025-03-31 03:05:41.492170
voice,76a19a82-cfd9-426c-b7e3-92b2db98b328,heavy,effect,next,company,cause,2025-03-31 03:05:41.492207,2025-03-31 03:05:41.492207,1927-01-08,consumer,2025-03-31 03:05:41.492219,2025-03-31 03:05:41.492219
inside,2d8a096a-7e11-4179-a04e-7936a561a9db,push,view,amount,source,care,2025-03-31 03:05:41.492257,2025-03-31 03:05:41.492258,1967-07-24,claim,2025-03-31 03:05:41.492269,2025-03-31 03:05:41.492269
once,8945c632-233f-4b0e-b9a9-53bfd173b5c2,edge,daughter,collection,agent,college,2025-03-31 03:05:41.492307,2025-03-31 03:05:41.492307,1980-10-31,fast,2025-03-31 03:05:41.492319,2025-03-31 03:05:41.492319
stand,196648c2-24c0-42e1-b2d4-b6f6fa296a9b,thought,beautiful,argue,writer,exist,2025-03-31 03:05:41.492357,2025-03-31 03:05:41.492357,1979-04-29,growth,2025-03-31 03:05:41.492369,2025-03-31 03:05:41.492369
case,01a1bdb0-f524-4afa-b3a2-1b3c83496f06,night,need,skill,forward,be,2025-03-31 03:05:41.492406,2025-03-31 03:05:41.492406,1968-09-13,head,2025-03-31 03:05:41.492418,2025-03-31 03:05:41.492418
contain,ab736500-53be-4c91-a606-f392894e308f,relate,yes,effort,eat,human,2025-03-31 03:05:41.492456,2025-03-31 03:05:41.492456,1952-06-24,why,2025-03-31 03:05:41.492468,2025-03-31 03:05:41.492468
parent,8782ec16-4986-4e94-aca2-90802e0f2c15,tax,fill,while,culture,range,2025-03-31 03:05:41.492505,2025-03-31 03:05:41.492505,1964-10-27,article,2025-03-31 03:05:41.492516,2025-03-31 03:05:41.492517
against,d6995f8b-b3f4-4098-b9c3-c27bac8df5bf,new,culture,president,well,decision,2025-03-31 03:05:41.492553,2025-03-31 03:05:41.492553,1974-11-24,show,2025-03-31 03:05:41.492565,2025-03-31 03:05:41.492565
arm,18e1b98b-cd2c-4fa7-9860-49e6a2bb9ca3,information,lay,would,animal,seven,2025-03-31 03:05:41.492602,2025-03-31 03:05:41.492603,1958-08-21,free,2025-03-31 03:05:41.492614,2025-03-31 03:05:41.492614
stage,e266e2c9-cc88-4970-809c-45854d8c43ed,kitchen,place,make,institution,return,2025-03-31 03:05:41.492651,2025-03-31 03:05:41.492652,2004-06-13,water,2025-03-31 03:05:41.492663,2025-03-31 03:05:41.492663
